-- phpMyAdmin SQL Dump
-- version 4.8.3
-- https://www.phpmyadmin.net/
--
-- Хост: 127.0.0.1:3306
-- Время создания: Фев 24 2019 г., 10:25
-- Версия сервера: 5.6.41
-- Версия PHP: 5.5.38

SET SQL_MODE = "NO_AUTO_VALUE_ON_ZERO";
SET AUTOCOMMIT = 0;
START TRANSACTION;
SET time_zone = "+00:00";


/*!40101 SET @OLD_CHARACTER_SET_CLIENT=@@CHARACTER_SET_CLIENT */;
/*!40101 SET @OLD_CHARACTER_SET_RESULTS=@@CHARACTER_SET_RESULTS */;
/*!40101 SET @OLD_COLLATION_CONNECTION=@@COLLATION_CONNECTION */;
/*!40101 SET NAMES utf8mb4 */;

--
-- База данных: `web-rpg-game`
--
CREATE DATABASE IF NOT EXISTS `web-rpg-game` DEFAULT CHARACTER SET utf8 COLLATE utf8_general_ci;
USE `web-rpg-game`;

-- --------------------------------------------------------

--
-- Структура таблицы `history`
--

CREATE TABLE `history` (
  `id` int(11) NOT NULL,
  `datetime` datetime NOT NULL,
  `user_id_w` int(11) NOT NULL,
  `name_w` varchar(25) NOT NULL,
  `hp_w` int(11) NOT NULL,
  `attack_w` int(11) NOT NULL,
  `shield_w` int(11) NOT NULL,
  `user_id_a` int(11) NOT NULL,
  `name_a` varchar(25) NOT NULL,
  `hp_a` int(11) NOT NULL,
  `attack_a` int(11) NOT NULL,
  `shield_a` int(11) NOT NULL,
  `resut` int(11) NOT NULL
) ENGINE=InnoDB DEFAULT CHARSET=utf8;

--
-- Дамп данных таблицы `history`
--

INSERT INTO `history` (`id`, `datetime`, `user_id_w`, `name_w`, `hp_w`, `attack_w`, `shield_w`, `user_id_a`, `name_a`, `hp_a`, `attack_a`, `shield_a`, `resut`) VALUES
(1, '2019-02-23 19:05:27', 1, 'Fighter', 6, 20, 1, 2, 'us2Fighter', 87, 42, 42, -2),
(2, '2019-02-23 19:45:30', 1, 'Fighter', 4, 20, 1, 3, 'Vasya', 100, 20, 30, -1),
(3, '2019-02-23 19:58:15', 2, 'us2Fighter', 89, 42, 42, 3, 'Vasya', 101, 20, 30, 33),
(4, '2019-02-23 19:58:55', 3, 'Vasya', 67, 20, 30, 2, 'us2Fighter', 100, 53, 53, -22),
(5, '2019-02-24 10:19:34', 4, 'bot08247', 2, 2, 2, 1, 'Vasya', 1, 1, 1, 0),
(6, '2019-02-24 10:20:57', 4, 'bot08240', 142, 55, 21, 2, 'us2Fighter', 108, 60, 60, -47),
(7, '2019-02-24 10:21:45', 1, 'Fighter', 2, 20, 1, 4, 'bot08245', 7, 7, 6, 0);

-- --------------------------------------------------------

--
-- Структура таблицы `users`
--

CREATE TABLE `users` (
  `id` int(11) NOT NULL,
  `login` varchar(20) NOT NULL,
  `password` varchar(35) NOT NULL,
  `balance` int(11) NOT NULL DEFAULT '0',
  `status` int(11) NOT NULL DEFAULT '0'
) ENGINE=InnoDB DEFAULT CHARSET=utf8;

--
-- Дамп данных таблицы `users`
--

INSERT INTO `users` (`id`, `login`, `password`, `balance`, `status`) VALUES
(1, 'user1', 'e10adc3949ba59abbe56e057f20f883e', 81, 0),
(2, 'user2', 'e10adc3949ba59abbe56e057f20f883e', 70, 0),
(3, 'ReachMan', 'e10adc3949ba59abbe56e057f20f883e', 100, 0),
(4, 'admin', 'e10adc3949ba59abbe56e057f20f883e', 100, 1);

-- --------------------------------------------------------

--
-- Структура таблицы `warriors`
--

CREATE TABLE `warriors` (
  `id` int(11) NOT NULL,
  `name` varchar(20) NOT NULL,
  `hp` int(11) NOT NULL DEFAULT '0',
  `attack` int(11) NOT NULL DEFAULT '0',
  `shield` int(11) NOT NULL DEFAULT '0',
  `user_id` int(11) NOT NULL,
  `level` int(11) NOT NULL DEFAULT '0'
) ENGINE=InnoDB DEFAULT CHARSET=utf8;

--
-- Дамп данных таблицы `warriors`
--

INSERT INTO `warriors` (`id`, `name`, `hp`, `attack`, `shield`, `user_id`, `level`) VALUES
(1, 'First', 0, 0, 0, 1, 0),
(2, 'user_name_1', 0, 0, 0, 1, 0),
(3, 'Fighter', 1, 20, 1, 1, 22),
(4, 'Vasya', 44, 20, 30, 3, 94),
(5, 'us2Fighter', 125, 75, 75, 2, 275),
(6, 'Vasya', 0, 1, 1, 1, 2),
(39, 'bot08240', 4, 1, 1, 4, 6),
(40, 'bot08241', 2, 2, 2, 4, 6),
(41, 'bot08242', 2, 2, 2, 4, 6),
(42, 'bot08243', 4, 1, 1, 4, 6),
(43, 'bot08244', 4, 1, 1, 4, 6),
(44, 'bot08245', 1, 3, 2, 4, 6),
(45, 'bot08246', 4, 1, 1, 4, 6),
(46, 'bot08247', 2, 2, 2, 4, 6),
(47, 'bot08248', 2, 3, 1, 4, 6),
(48, 'bot08249', 2, 3, 1, 4, 6),
(49, 'bot08240', 7, 12, 1, 4, 20),
(50, 'bot08241', 9, 8, 3, 4, 20),
(51, 'bot08242', 3, 14, 3, 4, 20),
(52, 'bot08243', 3, 14, 3, 4, 20),
(53, 'bot08244', 11, 7, 2, 4, 20),
(54, 'bot08245', 7, 7, 6, 4, 20),
(55, 'bot08240', 6, 11, 13, 4, 30),
(56, 'bot08241', 16, 5, 9, 4, 30),
(57, 'bot08242', 12, 14, 4, 4, 30),
(58, 'bot08243', 3, 14, 13, 4, 30),
(59, 'bot08244', 11, 8, 11, 4, 30),
(60, 'bot08245', 1, 24, 5, 4, 30),
(61, 'bot08240', 15, 5, 6, 4, 26),
(62, 'bot08241', 2, 18, 2, 4, 22),
(63, 'bot08242', 26, 36, 38, 4, 100),
(64, 'bot08243', 55, 19, 14, 4, 88),
(65, 'bot08244', 18, 15, 41, 4, 74),
(66, 'bot08245', 19, 36, 20, 4, 75),
(67, 'bot08246', 5, 7, 3, 4, 15),
(68, 'bot08247', 27, 9, 23, 4, 59),
(69, 'bot08248', 28, 28, 43, 4, 99),
(70, 'bot08249', 42, 21, 10, 4, 73),
(71, 'bot082410', 50, 32, 9, 4, 91),
(72, 'bot082411', 31, 5, 14, 4, 50),
(73, 'bot082412', 50, 32, 11, 4, 93),
(74, 'bot082413', 12, 5, 2, 4, 19),
(75, 'bot082414', 15, 6, 2, 4, 23),
(76, 'bot082415', 23, 11, 8, 4, 42),
(77, 'bot082416', 47, 37, 8, 4, 92),
(78, 'bot082417', 23, 10, 19, 4, 52),
(79, 'bot082418', 56, 19, 23, 4, 98),
(80, 'bot082419', 39, 16, 5, 4, 60),
(81, 'bot082420', 8, 41, 39, 4, 88),
(82, 'bot082421', 14, 48, 23, 4, 85),
(83, 'bot082422', 1, 6, 5, 4, 12),
(84, 'bot082423', 32, 45, 8, 4, 85),
(85, 'bot082424', 3, 19, 4, 4, 26),
(86, 'bot082425', 33, 17, 23, 4, 73),
(87, 'bot082426', 25, 21, 7, 4, 53),
(88, 'bot082427', 10, 15, 25, 4, 50),
(89, 'bot082428', 33, 44, 5, 4, 82),
(90, 'bot082429', 6, 14, 1, 4, 21),
(91, 'bot082430', 15, 38, 45, 4, 98),
(92, 'bot082431', 6, 18, 3, 4, 27),
(93, 'bot082432', 10, 7, 1, 4, 18),
(94, 'bot082433', 9, 48, 11, 4, 68),
(95, 'bot082434', 31, 31, 8, 4, 70),
(96, 'bot082435', 6, 13, 22, 4, 41),
(97, 'bot082436', 32, 63, 3, 4, 98),
(98, 'bot082437', 13, 13, 8, 4, 34),
(99, 'bot082438', 12, 7, 11, 4, 30),
(100, 'bot082439', 9, 27, 38, 4, 74),
(101, 'bot082440', 57, 10, 20, 4, 87),
(102, 'bot082441', 18, 22, 19, 4, 59),
(103, 'bot082442', 51, 12, 18, 4, 81),
(104, 'bot082443', 34, 13, 11, 4, 58),
(105, 'bot082444', 1, 34, 33, 4, 68),
(106, 'bot082445', 7, 14, 34, 4, 55),
(107, 'bot082446', 3, 8, 1, 4, 12),
(108, 'bot082447', 22, 37, 7, 4, 66),
(109, 'bot082448', 47, 29, 1, 4, 77),
(110, 'bot082449', 33, 31, 5, 4, 69),
(111, 'bot082450', 9, 6, 2, 4, 17),
(112, 'bot082451', 13, 14, 4, 4, 31),
(113, 'bot082452', 5, 8, 2, 4, 15),
(114, 'bot082453', 4, 5, 6, 4, 15),
(115, 'bot082454', 38, 8, 21, 4, 67),
(116, 'bot082455', 9, 8, 9, 4, 26),
(117, 'bot082456', 59, 18, 23, 4, 100),
(118, 'bot082457', 4, 24, 3, 4, 31),
(119, 'bot082458', 29, 23, 32, 4, 84),
(120, 'bot082459', 36, 34, 5, 4, 75),
(121, 'bot082460', 1, 17, 34, 4, 52),
(122, 'bot082461', 10, 6, 13, 4, 29),
(123, 'bot082462', 8, 16, 12, 4, 36),
(124, 'bot082463', 19, 28, 20, 4, 67),
(125, 'bot082464', 8, 65, 15, 4, 88),
(126, 'bot082465', 7, 23, 27, 4, 57),
(127, 'bot082466', 7, 11, 12, 4, 30),
(128, 'bot082467', 7, 14, 8, 4, 29),
(129, 'bot082468', 13, 6, 1, 4, 20),
(130, 'bot082469', 13, 5, 9, 4, 27),
(131, 'bot082470', 22, 10, 1, 4, 33),
(132, 'bot082471', 12, 5, 15, 4, 32),
(133, 'bot082472', 38, 10, 16, 4, 64),
(134, 'bot082473', 47, 27, 5, 4, 79),
(135, 'bot082474', 18, 35, 7, 4, 60),
(136, 'bot082475', 49, 29, 22, 4, 100),
(137, 'bot082476', 14, 7, 11, 4, 32),
(138, 'bot082477', 6, 8, 20, 4, 34),
(139, 'bot082478', 7, 24, 49, 4, 80),
(140, 'bot082479', 2, 24, 6, 4, 32),
(141, 'bot082480', 15, 17, 19, 4, 51),
(142, 'bot082481', 13, 6, 11, 4, 30),
(143, 'bot082482', 2, 7, 7, 4, 16),
(144, 'bot082483', 6, 17, 13, 4, 36),
(145, 'bot082484', 2, 11, 9, 4, 22),
(146, 'bot082485', 21, 41, 9, 4, 71),
(147, 'bot082486', 12, 5, 2, 4, 19),
(148, 'bot082487', 19, 40, 33, 4, 92),
(149, 'bot082488', 1, 64, 6, 4, 71),
(150, 'bot082489', 9, 5, 8, 4, 22),
(151, 'bot082490', 5, 5, 1, 4, 11),
(152, 'bot082491', 28, 5, 10, 4, 43),
(153, 'bot082492', 5, 3, 2, 4, 10),
(154, 'bot082493', 22, 45, 3, 4, 70),
(155, 'bot082494', 29, 20, 5, 4, 54),
(156, 'bot082495', 16, 27, 8, 4, 51),
(157, 'bot082496', 33, 17, 7, 4, 57),
(158, 'bot082497', 2, 45, 33, 4, 80),
(159, 'bot082498', 15, 14, 39, 4, 68),
(160, 'bot082499', 12, 24, 16, 4, 52),
(161, 'bot08240', 4, 1, 2, 4, 7),
(162, 'bot08241', 6, 3, 4, 4, 13),
(163, 'bot08242', 5, 2, 1, 4, 8),
(164, 'bot08243', 4, 2, 2, 4, 8),
(165, 'bot08244', 2, 3, 4, 4, 9),
(166, 'bot08245', 2, 8, 1, 4, 11),
(167, 'bot08246', 2, 4, 3, 4, 9),
(168, 'bot08247', 6, 3, 9, 4, 18),
(169, 'bot08248', 6, 3, 7, 4, 16),
(170, 'bot08249', 2, 7, 3, 4, 12),
(171, 'bot082410', 3, 5, 4, 4, 12),
(172, 'bot082411', 4, 2, 3, 4, 9),
(173, 'bot082412', 2, 3, 1, 4, 6),
(174, 'bot082413', 3, 2, 3, 4, 8),
(175, 'bot082414', 11, 3, 6, 4, 20),
(176, 'bot082415', 7, 7, 2, 4, 16),
(177, 'bot082416', 1, 2, 4, 4, 7),
(178, 'bot082417', 4, 9, 2, 4, 15),
(179, 'bot082418', 4, 6, 2, 4, 12),
(180, 'bot082419', 4, 1, 1, 4, 6),
(181, 'bot082420', 3, 4, 2, 4, 9),
(182, 'bot082421', 7, 4, 1, 4, 12),
(183, 'bot082422', 1, 4, 2, 4, 7),
(184, 'bot082423', 2, 3, 6, 4, 11),
(185, 'bot082424', 8, 1, 3, 4, 12),
(186, 'bot082425', 3, 5, 5, 4, 13),
(187, 'bot082426', 6, 3, 5, 4, 14),
(188, 'bot082427', 4, 7, 4, 4, 15),
(189, 'bot082428', 4, 1, 1, 4, 6),
(190, 'bot082429', 6, 2, 3, 4, 11),
(191, 'bot08240', 94, 55, 21, 4, 170),
(192, 'bot08241', 91, 35, 31, 4, 157),
(193, 'bot08242', 187, 97, 14, 4, 298),
(194, 'bot08243', 43, 120, 120, 4, 283),
(195, 'bot08244', 42, 48, 22, 4, 112),
(196, 'bot08245', 122, 67, 93, 4, 282),
(197, 'bot08246', 81, 62, 41, 4, 184),
(198, 'bot08247', 59, 71, 27, 4, 157),
(199, 'bot08248', 54, 95, 106, 4, 255),
(200, 'bot08249', 1, 58, 44, 4, 103);

--
-- Индексы сохранённых таблиц
--

--
-- Индексы таблицы `history`
--
ALTER TABLE `history`
  ADD PRIMARY KEY (`id`);

--
-- Индексы таблицы `users`
--
ALTER TABLE `users`
  ADD PRIMARY KEY (`id`);

--
-- Индексы таблицы `warriors`
--
ALTER TABLE `warriors`
  ADD PRIMARY KEY (`id`);

--
-- AUTO_INCREMENT для сохранённых таблиц
--

--
-- AUTO_INCREMENT для таблицы `history`
--
ALTER TABLE `history`
  MODIFY `id` int(11) NOT NULL AUTO_INCREMENT, AUTO_INCREMENT=8;

--
-- AUTO_INCREMENT для таблицы `users`
--
ALTER TABLE `users`
  MODIFY `id` int(11) NOT NULL AUTO_INCREMENT, AUTO_INCREMENT=5;

--
-- AUTO_INCREMENT для таблицы `warriors`
--
ALTER TABLE `warriors`
  MODIFY `id` int(11) NOT NULL AUTO_INCREMENT, AUTO_INCREMENT=201;
COMMIT;

/*!40101 SET CHARACTER_SET_CLIENT=@OLD_CHARACTER_SET_CLIENT */;
/*!40101 SET CHARACTER_SET_RESULTS=@OLD_CHARACTER_SET_RESULTS */;
/*!40101 SET COLLATION_CONNECTION=@OLD_COLLATION_CONNECTION */;
